Timestamp,User Count,Type,Name,Requests/s,Failures/s,50%,66%,75%,80%,90%,95%,98%,99%,99.9%,99.99%,100%,Total Request Count,Total Failure Count,Total Median Response Time,Total Average Response Time,Total Min Response Time,Total Max Response Time,Total Average Content Size
1675611607,0,,Aggregated,0.000000,0.000000,N/A,N/A,N/A,N/A,N/A,N/A,N/A,N/A,N/A,N/A,N/A,0,0,0,0.0,0,0,0
1675611608,1,,Aggregated,0.000000,0.000000,N/A,N/A,N/A,N/A,N/A,N/A,N/A,N/A,N/A,N/A,N/A,0,0,0,0.0,0,0,0
1675611609,2,,Aggregated,0.000000,0.000000,N/A,N/A,N/A,N/A,N/A,N/A,N/A,N/A,N/A,N/A,N/A,0,0,0,0.0,0,0,0
1675611610,3,,Aggregated,0.000000,0.000000,N/A,N/A,N/A,N/A,N/A,N/A,N/A,N/A,N/A,N/A,N/A,0,0,0,0.0,0,0,0
1675611611,4,,Aggregated,0.000000,0.000000,N/A,N/A,N/A,N/A,N/A,N/A,N/A,N/A,N/A,N/A,N/A,0,0,0,0.0,0,0,0
1675611612,5,,Aggregated,0.000000,0.000000,N/A,N/A,N/A,N/A,N/A,N/A,N/A,N/A,N/A,N/A,N/A,0,0,0,0.0,0,0,0
1675611613,6,,Aggregated,0.000000,0.000000,N/A,N/A,N/A,N/A,N/A,N/A,N/A,N/A,N/A,N/A,N/A,0,0,0,0.0,0,0,0
1675611614,7,,Aggregated,0.000000,0.000000,N/A,N/A,N/A,N/A,N/A,N/A,N/A,N/A,N/A,N/A,N/A,0,0,0,0.0,0,0,0
1675611615,8,,Aggregated,0.000000,0.000000,N/A,N/A,N/A,N/A,N/A,N/A,N/A,N/A,N/A,N/A,N/A,0,0,0,0.0,0,0,0
1675611616,9,,Aggregated,0.000000,0.000000,N/A,N/A,N/A,N/A,N/A,N/A,N/A,N/A,N/A,N/A,N/A,0,0,0,0.0,0,0,0
1675611617,10,,Aggregated,0.000000,0.000000,N/A,N/A,N/A,N/A,N/A,N/A,N/A,N/A,N/A,N/A,N/A,0,0,0,0.0,0,0,0
1675611618,11,,Aggregated,0.000000,0.000000,N/A,N/A,N/A,N/A,N/A,N/A,N/A,N/A,N/A,N/A,N/A,0,0,0,0.0,0,0,0
1675611619,12,,Aggregated,0.000000,0.000000,N/A,N/A,N/A,N/A,N/A,N/A,N/A,N/A,N/A,N/A,N/A,0,0,0,0.0,0,0,0
1675611620,13,,Aggregated,0.000000,0.000000,N/A,N/A,N/A,N/A,N/A,N/A,N/A,N/A,N/A,N/A,N/A,0,0,0,0.0,0,0,0
1675611621,14,,Aggregated,0.000000,0.000000,N/A,N/A,N/A,N/A,N/A,N/A,N/A,N/A,N/A,N/A,N/A,0,0,0,0.0,0,0,0
1675611622,15,,Aggregated,0.000000,0.000000,N/A,N/A,N/A,N/A,N/A,N/A,N/A,N/A,N/A,N/A,N/A,0,0,0,0.0,0,0,0
1675611623,16,,Aggregated,0.000000,0.000000,N/A,N/A,N/A,N/A,N/A,N/A,N/A,N/A,N/A,N/A,N/A,0,0,0,0.0,0,0,0
1675611624,17,,Aggregated,0.000000,0.000000,N/A,N/A,N/A,N/A,N/A,N/A,N/A,N/A,N/A,N/A,N/A,0,0,0,0.0,0,0,0
1675611625,18,,Aggregated,0.000000,0.000000,N/A,N/A,N/A,N/A,N/A,N/A,N/A,N/A,N/A,N/A,N/A,0,0,0,0.0,0,0,0
1675611626,19,,Aggregated,0.000000,0.000000,N/A,N/A,N/A,N/A,N/A,N/A,N/A,N/A,N/A,N/A,N/A,0,0,0,0.0,0,0,0
1675611627,20,,Aggregated,0.000000,0.000000,N/A,N/A,N/A,N/A,N/A,N/A,N/A,N/A,N/A,N/A,N/A,0,0,0,0.0,0,0,0
1675611628,21,,Aggregated,0.000000,0.000000,N/A,N/A,N/A,N/A,N/A,N/A,N/A,N/A,N/A,N/A,N/A,0,0,0,0.0,0,0,0
1675611629,22,,Aggregated,0.000000,0.000000,N/A,N/A,N/A,N/A,N/A,N/A,N/A,N/A,N/A,N/A,N/A,0,0,0,0.0,0,0,0
1675611630,23,,Aggregated,0.000000,0.000000,N/A,N/A,N/A,N/A,N/A,N/A,N/A,N/A,N/A,N/A,N/A,0,0,0,0.0,0,0,0
1675611631,24,,Aggregated,0.000000,0.000000,N/A,N/A,N/A,N/A,N/A,N/A,N/A,N/A,N/A,N/A,N/A,0,0,0,0.0,0,0,0
1675611632,25,,Aggregated,0.000000,0.000000,N/A,N/A,N/A,N/A,N/A,N/A,N/A,N/A,N/A,N/A,N/A,0,0,0,0.0,0,0,0
1675611633,26,,Aggregated,0.000000,0.000000,N/A,N/A,N/A,N/A,N/A,N/A,N/A,N/A,N/A,N/A,N/A,0,0,0,0.0,0,0,0
1675611634,27,,Aggregated,0.000000,0.000000,N/A,N/A,N/A,N/A,N/A,N/A,N/A,N/A,N/A,N/A,N/A,0,0,0,0.0,0,0,0
1675611635,28,,Aggregated,0.000000,0.000000,N/A,N/A,N/A,N/A,N/A,N/A,N/A,N/A,N/A,N/A,N/A,0,0,0,0.0,0,0,0
1675611636,29,,Aggregated,0.000000,0.000000,N/A,N/A,N/A,N/A,N/A,N/A,N/A,N/A,N/A,N/A,N/A,0,0,0,0.0,0,0,0
1675611637,30,,Aggregated,0.000000,0.000000,N/A,N/A,N/A,N/A,N/A,N/A,N/A,N/A,N/A,N/A,N/A,0,0,0,0.0,0,0,0
1675611638,31,,Aggregated,0.000000,0.000000,N/A,N/A,N/A,N/A,N/A,N/A,N/A,N/A,N/A,N/A,N/A,0,0,0,0.0,0,0,0
1675611639,32,,Aggregated,0.000000,0.000000,N/A,N/A,N/A,N/A,N/A,N/A,N/A,N/A,N/A,N/A,N/A,0,0,0,0.0,0,0,0
1675611640,33,,Aggregated,0.000000,0.000000,N/A,N/A,N/A,N/A,N/A,N/A,N/A,N/A,N/A,N/A,N/A,0,0,0,0.0,0,0,0
1675611641,34,,Aggregated,0.000000,0.000000,N/A,N/A,N/A,N/A,N/A,N/A,N/A,N/A,N/A,N/A,N/A,0,0,0,0.0,0,0,0
1675611642,35,,Aggregated,0.000000,0.000000,33000,33000,33000,33000,33000,33000,33000,33000,33000,33000,33000,1,0,33231.12808298902,33231.12808298902,33231.12808298902,33231.12808298902,518.0
1675611643,36,,Aggregated,0.000000,0.000000,35000,35000,35000,35000,35000,35000,35000,35000,35000,35000,35000,2,0,33231.12808298902,34216.286395996576,33231.12808298902,35201.444709004136,518.0
1675611644,37,,Aggregated,0.000000,0.000000,33000,33000,35000,35000,35000,35000,35000,35000,35000,35000,35000,3,0,33215.3516249964,33882.64147232985,33215.3516249964,35201.444709004136,518.0
1675611645,38,,Aggregated,0.200000,0.000000,35000,35000,36000,36000,36000,36000,36000,36000,36000,36000,36000,4,0,33215.3516249964,34409.81308349728,33215.3516249964,35991.32791699958,518.0
1675611646,39,,Aggregated,0.300000,0.000000,34000,35000,35000,36000,36000,36000,36000,36000,36000,36000,36000,5,0,34000.0,34263.562833398464,33215.3516249964,35991.32791699958,518.0
1675611647,40,,Aggregated,0.300000,0.000000,35000,35000,36000,36000,36000,36000,36000,36000,36000,36000,36000,6,0,34000.0,34548.80731949864,33215.3516249964,35991.32791699958,518.0
1675611648,41,,Aggregated,0.300000,0.000000,35000,35000,36000,36000,36000,36000,36000,36000,36000,36000,36000,6,0,34000.0,34548.80731949864,33215.3516249964,35991.32791699958,518.0
1675611649,42,,Aggregated,0.500000,0.000000,34000,35000,36000,36000,36000,36000,36000,36000,36000,36000,36000,7,0,34000.0,34270.99147028431,32604.096374998335,35991.32791699958,518.0
1675611650,43,,Aggregated,0.500000,0.000000,35000,35000,36000,36000,36000,36000,36000,36000,36000,36000,36000,8,0,34000.0,34395.99947924944,32604.096374998335,35991.32791699958,518.0
1675611651,44,,Aggregated,0.600000,0.000000,35000,35000,36000,36000,36000,36000,36000,36000,36000,36000,36000,9,0,35000.0,34523.15960188894,32604.096374998335,35991.32791699958,518.0
1675611652,45,,Aggregated,0.600000,0.000000,35000,35000,36000,36000,36000,36000,36000,36000,36000,36000,36000,9,0,35000.0,34523.15960188894,32604.096374998335,35991.32791699958,518.0
1675611653,46,,Aggregated,0.600000,0.000000,35000,35000,36000,36000,36000,36000,36000,36000,36000,36000,36000,9,0,35000.0,34523.15960188894,32604.096374998335,35991.32791699958,518.0
1675611654,47,,Aggregated,0.800000,0.000000,35000,36000,36000,36000,40000,40000,40000,40000,40000,40000,40000,10,0,35000.0,35095.1528125006,32604.096374998335,40243.09170800552,518.0
1675611655,48,,Aggregated,0.800000,0.000000,35000,36000,36000,36000,40000,40000,40000,40000,40000,40000,40000,10,0,35000.0,35095.1528125006,32604.096374998335,40243.09170800552,518.0
1675611656,49,,Aggregated,0.800000,0.000000,35000,36000,36000,36000,40000,40000,40000,40000,40000,40000,40000,10,0,35000.0,35095.1528125006,32604.096374998335,40243.09170800552,518.0
1675611657,50,,Aggregated,0.800000,0.000000,35000,36000,36000,36000,40000,40000,40000,40000,40000,40000,40000,10,0,35000.0,35095.1528125006,32604.096374998335,40243.09170800552,518.0
1675611658,51,,Aggregated,0.800000,0.000000,35000,36000,36000,36000,40000,40000,40000,40000,40000,40000,40000,10,0,35000.0,35095.1528125006,32604.096374998335,40243.09170800552,518.0
1675611659,52,,Aggregated,0.800000,0.000000,35000,36000,36000,36000,40000,40000,40000,40000,40000,40000,40000,10,0,35000.0,35095.1528125006,32604.096374998335,40243.09170800552,518.0
1675611660,53,,Aggregated,0.800000,0.000000,35000,36000,36000,36000,40000,40000,40000,40000,40000,40000,40000,10,0,35000.0,35095.1528125006,32604.096374998335,40243.09170800552,518.0
1675611661,54,,Aggregated,0.800000,0.000000,35000,36000,36000,36000,40000,40000,40000,40000,40000,40000,40000,10,0,35000.0,35095.1528125006,32604.096374998335,40243.09170800552,518.0
1675611662,55,,Aggregated,0.800000,0.000000,35000,36000,36000,36000,40000,40000,40000,40000,40000,40000,40000,10,0,35000.0,35095.1528125006,32604.096374998335,40243.09170800552,518.0
1675611663,56,,Aggregated,0.800000,0.000000,35000,36000,36000,36000,40000,40000,40000,40000,40000,40000,40000,10,0,35000.0,35095.1528125006,32604.096374998335,40243.09170800552,518.0
1675611664,57,,Aggregated,0.800000,0.000000,35000,36000,36000,36000,40000,40000,40000,40000,40000,40000,40000,10,0,35000.0,35095.1528125006,32604.096374998335,40243.09170800552,518.0
1675611665,58,,Aggregated,0.800000,0.000000,35000,36000,36000,36000,40000,40000,40000,40000,40000,40000,40000,10,0,35000.0,35095.1528125006,32604.096374998335,40243.09170800552,518.0
1675611666,59,,Aggregated,0.800000,0.000000,35000,36000,36000,36000,40000,40000,40000,40000,40000,40000,40000,10,0,35000.0,35095.1528125006,32604.096374998335,40243.09170800552,518.0
1675611667,60,,Aggregated,0.800000,0.000000,35000,36000,36000,36000,40000,40000,40000,40000,40000,40000,40000,10,0,35000.0,35095.1528125006,32604.096374998335,40243.09170800552,518.0
1675611668,61,,Aggregated,0.000000,0.000000,35000,36000,36000,36000,40000,50000,50000,50000,50000,50000,50000,11,0,35000.0,36493.694507546024,32604.096374998335,50479.11145800026,489.1818181818182
1675611669,62,,Aggregated,0.000000,0.000000,35000,36000,36000,36000,40000,50000,50000,50000,50000,50000,50000,11,0,35000.0,36493.694507546024,32604.096374998335,50479.11145800026,489.1818181818182
1675611670,63,,Aggregated,0.000000,0.000000,36000,36000,40000,40000,50000,51000,51000,51000,51000,51000,51000,12,0,35000.0,37742.4263575837,32604.096374998335,51478.4767079982,465.1666666666667
1675611671,64,,Aggregated,0.100000,0.000000,36000,36000,40000,50000,51000,51000,51000,51000,51000,51000,51000,13,0,36000.0,38798.683749923766,32604.096374998335,51478.4767079982,444.84615384615387
1675611672,65,,Aggregated,0.100000,0.000000,36000,40000,50000,51000,51000,51000,51000,51000,51000,51000,51000,14,0,36000.0,39703.776535643556,32604.096374998335,51478.4767079982,427.42857142857144
1675611673,66,,Aggregated,0.200000,0.000000,36000,40000,51000,51000,51000,51000,51000,51000,51000,51000,51000,15,0,36000.0,40487.915761067416,32604.096374998335,51478.4767079982,412.3333333333333
1675611674,67,,Aggregated,0.300000,0.000000,36000,50000,51000,51000,51000,51000,51000,51000,51000,51000,51000,16,0,36000.0,41174.15624212572,32604.096374998335,51478.4767079982,399.125
1675611675,68,,Aggregated,0.400000,0.000000,36000,51000,51000,51000,51000,51000,51000,51000,51000,51000,51000,17,0,36000.0,41779.03428911796,32604.096374998335,51478.4767079982,387.47058823529414
1675611676,69,,Aggregated,0.500000,0.000000,40000,51000,51000,51000,51000,51000,51000,51000,51000,51000,51000,18,0,36000.0,42316.33491194467,32604.096374998335,51478.4767079982,377.1111111111111
1675611677,70,,Aggregated,0.600000,0.000000,40000,51000,51000,51000,51000,51000,51000,51000,51000,51000,51000,19,0,40000.0,42796.996589842725,32604.096374998335,51478.4767079982,367.8421052631579
1675611678,71,,Aggregated,0.700000,0.000000,50000,51000,51000,51000,51000,51000,51000,51000,51000,51000,51000,20,0,40000.0,43229.20648950021,32604.096374998335,51478.4767079982,359.5
1675611679,72,,Aggregated,0.800000,0.000000,50000,51000,51000,51000,51000,51000,51000,51000,51000,51000,51000,21,0,50000.0,43619.97069238125,32604.096374998335,51478.4767079982,351.95238095238096
1675611680,73,,Aggregated,0.900000,0.000000,51000,51000,51000,51000,51000,51000,51000,51000,51000,51000,51000,22,0,50000.0,43975.29205486419,32604.096374998335,51478.4767079982,345.09090909090907
1675611681,74,,Aggregated,0.900000,0.000000,51000,51000,51000,51000,51000,51000,51000,51000,51000,51000,51000,23,0,51000.0,44299.419887609394,32604.096374998335,51478.4767079982,338.82608695652175
1675611682,75,,Aggregated,1.000000,0.000000,51000,51000,51000,51000,51000,51000,51000,51000,51000,51000,51000,24,0,51000.0,44596.56534191708,32604.096374998335,51478.4767079982,333.0833333333333
1675611683,76,,Aggregated,1.000000,0.000000,51000,51000,51000,51000,51000,51000,51000,51000,51000,51000,51000,25,0,51000.0,44869.54885324055,32604.096374998335,51478.4767079982,327.8
1675611684,77,,Aggregated,1.000000,0.000000,51000,51000,51000,51000,51000,51000,51000,51000,51000,51000,51000,26,0,51000.0,45121.65458165467,32604.096374998335,51478.4767079982,322.9230769230769
1675611685,78,,Aggregated,1.000000,0.000000,51000,51000,51000,51000,51000,51000,51000,51000,51000,51000,51000,27,0,51000.0,45354.91543048206,32604.096374998335,51478.4767079982,318.4074074074074
1675611686,79,,Aggregated,1.000000,0.000000,51000,51000,51000,51000,51000,51000,51000,51000,51000,51000,51000,28,0,51000.0,45571.362639822066,32604.096374998335,51478.4767079982,314.2142857142857
1675611687,80,,Aggregated,1.000000,0.000000,51000,51000,51000,51000,51000,51000,51000,51000,51000,51000,51000,29,0,51000.0,45772.64819679339,32604.096374998335,51478.4767079982,310.3103448275862
1675611688,81,,Aggregated,1.000000,0.000000,51000,51000,51000,51000,51000,51000,51000,51000,51000,51000,51000,30,0,51000.0,45960.43301663352,32604.096374998335,51478.4767079982,306.6666666666667
1675611689,82,,Aggregated,1.000000,0.000000,51000,51000,51000,51000,51000,51000,51000,51000,51000,51000,51000,31,0,51000.0,46135.74529567784,32604.096374998335,51478.4767079982,303.258064516129
1675611690,83,,Aggregated,1.000000,0.000000,51000,51000,51000,51000,51000,51000,51000,51000,51000,51000,51000,32,0,51000.0,46300.04496481297,32604.096374998335,51478.4767079982,300.0625
1675611691,84,,Aggregated,1.000000,0.000000,51000,51000,51000,51000,51000,51000,51000,51000,51000,51000,51000,33,0,51000.0,46454.04545451554,32604.096374998335,51478.4767079982,297.06060606060606
1675611692,85,,Aggregated,1.000000,0.000000,51000,51000,51000,51000,51000,51000,51000,51000,51000,51000,51000,34,0,51000.0,46598.8847401767,32604.096374998335,51478.4767079982,294.2352941176471
1675611693,86,,Aggregated,1.000000,0.000000,51000,51000,51000,51000,51000,51000,51000,51000,51000,51000,51000,35,0,51000.0,46735.206414257336,32604.096374998335,51478.4767079982,291.57142857142856
1675611694,87,,Aggregated,1.000000,0.000000,51000,51000,51000,51000,51000,51000,51000,51000,51000,51000,51000,37,0,51000.0,46983.24870381064,32604.096374998335,51478.4767079982,286.6756756756757
1675611695,88,,Aggregated,1.000000,0.000000,51000,51000,51000,51000,51000,51000,51000,51000,51000,51000,51000,39,0,51000.0,47207.10863030737,32604.096374998335,51478.4767079982,282.28205128205127
1675611696,89,,Aggregated,1.000000,0.000000,51000,51000,51000,51000,51000,51000,51000,51000,51000,51000,51000,41,0,51000.0,47408.48306297517,32604.096374998335,51478.4767079982,278.3170731707317
1675611697,90,,Aggregated,1.100000,0.000000,51000,51000,51000,51000,51000,51000,51000,51000,51000,51000,51000,43,0,51000.0,47572.33554841837,32604.096374998335,51478.4767079982,274.72093023255815
1675611698,91,,Aggregated,1.200000,0.000000,51000,51000,51000,51000,51000,51000,51000,51000,51000,51000,51000,45,0,51000.0,47729.06018606673,32604.096374998335,51478.4767079982,271.44444444444446
1675611699,92,,Aggregated,1.300000,0.000000,51000,51000,51000,51000,51000,51000,51000,51000,51000,51000,51000,47,0,51000.0,47865.83533948951,32604.096374998335,51478.4767079982,268.4468085106383
1675611700,93,,Aggregated,1.400000,0.000000,51000,51000,51000,51000,51000,51000,51000,51000,51000,51000,51000,48,0,51000.0,47938.42561975029,32604.096374998335,51478.4767079982,267.0416666666667
1675611701,94,,Aggregated,1.500000,0.000000,51000,51000,51000,51000,51000,51000,51000,51000,51000,51000,51000,50,0,51000.0,48065.23706996029,32604.096374998335,51478.4767079982,264.4
1675611702,95,,Aggregated,1.600000,0.000000,51000,51000,51000,51000,51000,51000,51000,51000,51000,51000,51000,52,0,51000.0,48188.82562576956,32604.096374998335,51478.4767079982,261.96153846153845
1675611703,96,,Aggregated,1.600000,0.000000,51000,51000,51000,51000,51000,51000,51000,51000,51000,51000,51000,54,0,51000.0,48298.14217744491,32604.096374998335,51478.4767079982,259.7037037037037
1675611704,97,,Aggregated,1.700000,0.000000,51000,51000,51000,51000,51000,51000,51000,51000,51000,51000,51000,55,0,51000.0,48353.21631589139,32604.096374998335,51478.4767079982,258.6363636363636
1675611705,98,,Aggregated,1.800000,0.000000,51000,51000,51000,51000,51000,51000,51000,51000,51000,51000,51000,57,0,51000.0,48438.34105993009,32604.096374998335,51478.4767079982,256.6140350877193
1675611706,99,,Aggregated,1.900000,0.000000,51000,51000,51000,51000,51000,51000,51000,51000,51000,51000,51000,58,0,51000.0,48488.06128015539,32604.096374998335,51478.4767079982,255.6551724137931
1675611707,100,,Aggregated,1.800000,0.000000,51000,51000,51000,51000,51000,51000,51000,51000,51000,51000,51000,59,0,51000.0,48535.843250695165,32604.096374998335,51478.4767079982,254.72881355932202
1675611708,100,,Aggregated,1.800000,0.000000,51000,51000,51000,51000,51000,51000,51000,51000,51000,51000,51000,60,0,51000.0,48581.91980693374,32604.096374998335,51478.4767079982,253.83333333333334
1675611709,100,,Aggregated,1.700000,0.000000,51000,51000,51000,51000,51000,51000,51000,51000,51000,51000,51000,61,0,51000.0,48626.44054985308,32604.096374998335,51478.4767079982,252.9672131147541
1675611710,100,,Aggregated,1.600000,0.000000,51000,51000,51000,51000,51000,51000,51000,51000,51000,51000,51000,62,0,51000.0,48669.55430106512,32604.096374998335,51478.4767079982,252.1290322580645
1675611711,100,,Aggregated,1.500000,0.000000,51000,51000,51000,51000,51000,51000,51000,51000,51000,51000,51000,63,0,51000.0,48711.19955290546,32604.096374998335,51478.4767079982,251.31746031746033
1675611712,100,,Aggregated,1.400000,0.000000,51000,51000,51000,51000,51000,51000,51000,51000,51000,51000,51000,64,0,51000.0,48751.40189257878,32604.096374998335,51478.4767079982,250.53125
1675611713,100,,Aggregated,1.400000,0.000000,51000,51000,51000,51000,51000,51000,51000,51000,51000,51000,51000,65,0,51000.0,48790.32015769291,32604.096374998335,51478.4767079982,249.76923076923077
1675611714,100,,Aggregated,1.300000,0.000000,51000,51000,51000,51000,51000,51000,51000,51000,51000,51000,51000,66,0,51000.0,48827.91926387952,32604.096374998335,51478.4767079982,249.03030303030303
1675611715,100,,Aggregated,1.200000,0.000000,51000,51000,51000,51000,51000,51000,51000,51000,51000,51000,51000,67,0,51000.0,48864.3775285978,32604.096374998335,51478.4767079982,248.3134328358209
1675611716,100,,Aggregated,1.100000,0.000000,51000,51000,51000,51000,51000,51000,51000,51000,51000,51000,51000,68,0,51000.0,48899.60918380958,32604.096374998335,51478.4767079982,247.61764705882354
1675611717,100,,Aggregated,1.100000,0.000000,51000,51000,51000,51000,51000,51000,51000,51000,51000,51000,51000,69,0,51000.0,48933.89285444995,32604.096374998335,51478.4767079982,246.94202898550725
1675611718,100,,Aggregated,1.000000,0.000000,51000,51000,51000,51000,51000,51000,51000,51000,51000,51000,51000,70,0,51000.0,48967.118986300615,32604.096374998335,51478.4767079982,246.28571428571428
1675611719,100,,Aggregated,1.000000,0.000000,51000,51000,51000,51000,51000,51000,51000,51000,51000,51000,51000,71,0,51000.0,48999.393020535805,32604.096374998335,51478.4767079982,245.64788732394365
1675611720,100,,Aggregated,1.000000,0.000000,51000,51000,51000,51000,51000,51000,51000,51000,51000,51000,51000,73,0,51000.0,49057.650151246904,32604.096374998335,51478.4767079982,244.42465753424656
1675611721,100,,Aggregated,1.000000,0.000000,51000,51000,51000,51000,51000,51000,51000,51000,51000,51000,51000,74,0,51000.0,49087.20747690579,32604.096374998335,51478.4767079982,243.83783783783784
1675611723,100,,Aggregated,1.000000,0.000000,51000,51000,51000,51000,51000,51000,51000,51000,51000,51000,51000,76,0,51000.0,49140.60893528988,32604.096374998335,51478.4767079982,242.71052631578948
1675611724,100,,Aggregated,1.100000,0.000000,51000,51000,51000,51000,51000,51000,51000,51000,51000,51000,51000,79,0,51000.0,49217.23314502576,32604.096374998335,51478.4767079982,241.126582278481
1675611725,100,,Aggregated,1.200000,0.000000,51000,51000,51000,51000,51000,51000,51000,51000,51000,51000,51000,81,0,51000.0,49264.19815997576,32604.096374998335,51478.4767079982,240.1358024691358
1675611726,100,,Aggregated,1.300000,0.000000,51000,51000,51000,51000,51000,51000,51000,51000,51000,51000,51000,84,0,51000.0,49329.040518345646,32604.096374998335,51478.4767079982,238.73809523809524
1675611727,100,,Aggregated,1.400000,0.000000,51000,51000,51000,51000,51000,51000,51000,51000,51000,51000,51000,86,0,51000.0,49370.69485804692,32604.096374998335,51478.4767079982,237.86046511627907
1675611728,100,,Aggregated,1.500000,0.000000,51000,51000,51000,51000,51000,51000,51000,51000,51000,51000,51000,88,0,51000.0,49410.290953136704,32604.096374998335,51478.4767079982,237.02272727272728
1675611729,100,,Aggregated,1.600000,0.000000,51000,51000,51000,51000,51000,51000,51000,51000,51000,51000,51000,90,0,51000.0,49448.26179030028,32604.096374998335,51478.4767079982,236.22222222222223
1675611730,100,,Aggregated,1.700000,0.000000,51000,51000,51000,51000,51000,51000,51000,51000,51000,51000,51000,92,0,51000.0,49484.27950907622,32604.096374998335,51478.4767079982,235.45652173913044
1675611731,100,,Aggregated,1.800000,0.000000,51000,51000,51000,51000,51000,51000,51000,51000,51000,51000,51000,94,0,51000.0,49518.6750607553,32604.096374998335,51478.4767079982,234.72340425531914
1675611732,100,,Aggregated,1.900000,0.000000,51000,51000,51000,51000,51000,51000,51000,51000,51000,51000,51000,96,0,51000.0,49551.66418276015,32604.096374998335,51478.4767079982,234.02083333333334
1675611733,100,,Aggregated,1.900000,0.000000,51000,51000,51000,51000,51000,51000,51000,51000,51000,51000,51000,98,0,51000.0,49583.20939331612,32604.096374998335,51478.4767079982,233.3469387755102
1675611734,100,,Aggregated,2.000000,0.000000,51000,51000,51000,51000,51000,51000,51000,51000,51000,51000,51000,100,0,51000.0,49613.404201279765,32604.096374998335,51478.4767079982,232.7
1675611735,100,,Aggregated,2.000000,0.000000,51000,51000,51000,51000,51000,51000,51000,51000,51000,51000,51000,102,0,51000.0,49642.41168957817,32604.096374998335,51478.4767079982,232.07843137254903
1675611736,100,,Aggregated,2.000000,0.000000,51000,51000,51000,51000,51000,51000,51000,51000,51000,51000,51000,104,0,51000.0,49670.10544395159,32604.096374998335,51478.4767079982,231.48076923076923
1675611737,100,,Aggregated,2.000000,0.000000,51000,51000,51000,51000,51000,51000,51000,51000,51000,51000,51000,106,0,51000.0,49696.95882590538,32604.096374998335,51478.4767079982,230.9056603773585
1675611738,100,,Aggregated,2.000000,0.000000,51000,51000,51000,51000,51000,51000,51000,51000,51000,51000,51000,108,0,51000.0,49722.65272843489,32604.096374998335,51478.4767079982,230.35185185185185
1675611739,100,,Aggregated,2.000000,0.000000,51000,51000,51000,51000,51000,51000,51000,51000,51000,51000,51000,109,0,51000.0,49734.34629055928,32604.096374998335,51478.4767079982,230.08256880733944
1675611740,100,,Aggregated,2.000000,0.000000,51000,51000,51000,51000,51000,51000,51000,51000,52000,52000,52000,112,0,51000.0,49780.16945277639,32604.096374998335,52171.39970799326,229.30357142857142
1675611741,100,,Aggregated,2.000000,0.000000,51000,51000,51000,51000,51000,51000,51000,51000,52000,52000,52000,114,0,51000.0,49803.18487136805,32604.096374998335,52171.39970799326,228.80701754385964
1675611742,100,,Aggregated,1.900000,0.000000,51000,51000,51000,51000,51000,51000,51000,51000,52000,52000,52000,116,0,51000.0,49825.181236732344,32604.096374998335,52171.39970799326,228.32758620689654
1675611743,100,,Aggregated,2.000000,0.000000,51000,51000,51000,51000,51000,51000,51000,51000,52000,52000,52000,118,0,51000.0,49846.42413244025,32604.096374998335,52171.39970799326,227.864406779661
1675611744,100,,Aggregated,2.000000,0.000000,51000,51000,51000,51000,51000,51000,51000,51000,52000,52000,52000,120,0,51000.0,49866.86865279965,32604.096374998335,52171.39970799326,227.41666666666666
1675611745,100,,Aggregated,2.000000,0.000000,51000,51000,51000,51000,51000,51000,51000,51000,52000,52000,52000,122,0,51000.0,49886.47155193399,32604.096374998335,52171.39970799326,226.98360655737704
1675611746,100,,Aggregated,2.000000,0.000000,51000,51000,51000,51000,51000,51000,51000,51000,52000,52000,52000,125,0,51000.0,49914.046835359535,32604.096374998335,52171.39970799326,226.36
1675611747,100,,Aggregated,2.000000,0.000000,51000,51000,51000,51000,51000,51000,51000,51000,52000,52000,52000,128,0,51000.0,49940.41692548399,32604.096374998335,52171.39970799326,225.765625
1675611748,100,,Aggregated,2.000000,0.000000,51000,51000,51000,51000,51000,51000,51000,51000,52000,52000,52000,131,0,51000.0,49965.45205218273,32604.096374998335,52171.39970799326,225.19847328244273
1675611749,100,,Aggregated,2.100000,0.000000,51000,51000,51000,51000,51000,51000,51000,51000,52000,52000,52000,134,0,51000.0,49989.53718253693,32604.096374998335,52171.39970799326,224.65671641791045
1675611750,100,,Aggregated,2.200000,0.000000,51000,51000,51000,51000,51000,51000,51000,51000,52000,52000,52000,137,0,51000.0,50012.45291151047,32604.096374998335,52171.39970799326,224.13868613138686
1675611751,100,,Aggregated,2.300000,0.000000,51000,51000,51000,51000,51000,51000,51000,51000,52000,52000,52000,140,0,51000.0,50034.253660135226,32604.096374998335,52171.39970799326,223.64285714285714
1675611752,100,,Aggregated,2.500000,0.000000,51000,51000,51000,51000,51000,51000,51000,51000,52000,52000,52000,142,0,51000.0,50048.73875764745,32604.096374998335,52171.39970799326,223.32394366197184
1675611753,100,,Aggregated,2.500000,0.000000,51000,51000,51000,51000,51000,51000,51000,51000,52000,52000,52000,145,0,51000.0,50069.28789082699,32604.096374998335,52171.39970799326,222.86206896551724
1675611754,100,,Aggregated,2.600000,0.000000,51000,51000,51000,51000,51000,51000,51000,51000,52000,52000,52000,148,0,51000.0,50088.82029787767,32604.096374998335,52171.39970799326,222.4189189189189
1675611755,100,,Aggregated,2.600000,0.000000,51000,51000,51000,51000,51000,51000,51000,51000,52000,52000,52000,151,0,51000.0,50107.53533528425,32604.096374998335,52171.39970799326,221.9933774834437
1675611756,100,,Aggregated,2.700000,0.000000,51000,51000,51000,51000,51000,51000,51000,51000,52000,52000,52000,153,0,51000.0,50119.8170547642,32604.096374998335,52171.39970799326,221.718954248366
1675611757,100,,Aggregated,2.800000,0.000000,51000,51000,51000,51000,51000,51000,51000,51000,52000,52000,52000,156,0,51000.0,50137.43879917251,32604.096374998335,52171.39970799326,221.32051282051282
1675611758,100,,Aggregated,2.900000,0.000000,51000,51000,51000,51000,51000,51000,51000,51000,52000,52000,52000,158,0,51000.0,50148.804308834806,32604.096374998335,52171.39970799326,221.0632911392405
1675611759,100,,Aggregated,2.800000,0.000000,51000,51000,51000,51000,51000,51000,51000,51000,52000,52000,52000,159,0,51000.0,50154.1585217793,32604.096374998335,52171.39970799326,220.93710691823898
1675611760,100,,Aggregated,2.800000,0.000000,51000,51000,51000,51000,51000,51000,51000,51000,52000,52000,52000,160,0,51000.0,50159.43246357446,32604.096374998335,52171.39970799326,220.8125
1675611761,100,,Aggregated,2.700000,0.000000,51000,51000,51000,51000,51000,51000,51000,51000,52000,52000,52000,161,0,51000.0,50164.595928601964,32604.096374998335,52171.39970799326,220.68944099378882
1675611762,100,,Aggregated,2.500000,0.000000,51000,51000,51000,51000,51000,51000,51000,51000,52000,52000,52000,162,0,51000.0,50169.72173819701,32604.096374998335,52171.39970799326,220.5679012345679
1675611763,100,,Aggregated,2.300000,0.000000,51000,51000,51000,51000,51000,51000,51000,51000,52000,52000,52000,163,0,51000.0,50174.888765876836,32604.096374998335,52171.39970799326,220.4478527607362
1675611764,100,,Aggregated,2.100000,0.000000,51000,51000,51000,51000,51000,51000,51000,51000,52000,52000,52000,164,0,51000.0,50179.91074596302,32604.096374998335,52171.39970799326,220.32926829268294
1675611765,100,,Aggregated,2.000000,0.000000,51000,51000,51000,51000,51000,51000,51000,51000,52000,52000,52000,165,0,51000.0,50184.86062502392,32604.096374998335,52171.39970799326,220.21212121212122
1675611766,100,,Aggregated,1.800000,0.000000,51000,51000,51000,51000,51000,51000,51000,51000,52000,52000,52000,166,0,51000.0,50189.78402462012,32604.096374998335,52171.39970799326,220.09638554216866
1675611767,100,,Aggregated,1.600000,0.000000,51000,51000,51000,51000,51000,51000,51000,51000,52000,52000,52000,167,0,51000.0,50194.631181903824,32604.096374998335,52171.39970799326,219.98203592814372
1675611768,100,,Aggregated,1.400000,0.000000,51000,51000,51000,51000,51000,51000,51000,51000,52000,52000,52000,168,0,51000.0,50199.440118321,32604.096374998335,52171.39970799326,219.86904761904762
1675611769,100,,Aggregated,1.300000,0.000000,51000,51000,51000,51000,51000,51000,51000,51000,52000,52000,52000,169,0,51000.0,50204.15426185165,32604.096374998335,52171.39970799326,219.75739644970415
1675611770,100,,Aggregated,1.100000,0.000000,51000,51000,51000,51000,51000,51000,51000,51000,52000,52000,52000,170,0,51000.0,50208.85200369367,32604.096374998335,52171.39970799326,219.64705882352942
1675611771,100,,Aggregated,1.000000,0.000000,51000,51000,51000,51000,51000,51000,51000,51000,52000,52000,52000,171,0,51000.0,50213.473286566856,32604.096374998335,52171.39970799326,219.53801169590642
1675611772,100,,Aggregated,1.000000,0.000000,51000,51000,51000,51000,51000,51000,51000,51000,52000,52000,52000,173,0,51000.0,50222.49889211521,32604.096374998335,52171.39970799326,219.32369942196533
1675611773,100,,Aggregated,1.000000,0.000000,51000,51000,51000,51000,51000,51000,51000,51000,52000,52000,52000,174,0,51000.0,50227.02582999389,32604.096374998335,52171.39970799326,219.2183908045977
1675611774,100,,Aggregated,1.000000,0.000000,51000,51000,51000,51000,51000,51000,51000,51000,52000,52000,52000,176,0,51000.0,50235.81511294287,32604.096374998335,52171.39970799326,219.01136363636363
1675611775,100,,Aggregated,1.100000,0.000000,51000,51000,51000,51000,51000,51000,51000,51000,52000,52000,52000,178,0,51000.0,50244.463518039054,32604.096374998335,52171.39970799326,218.80898876404495
1675611776,100,,Aggregated,1.100000,0.000000,51000,51000,51000,51000,51000,51000,51000,51000,52000,52000,52000,180,0,51000.0,50252.798708121954,32604.096374998335,52171.39970799326,218.61111111111111
1675611777,100,,Aggregated,1.200000,0.000000,51000,51000,51000,51000,51000,51000,51000,51000,52000,52000,52000,182,0,51000.0,50260.9648161811,32604.096374998335,52171.39970799326,218.41758241758242
1675611778,100,,Aggregated,1.300000,0.000000,51000,51000,51000,51000,51000,51000,51000,51000,52000,52000,52000,184,0,51000.0,50268.92892098887,32604.096374998335,52171.39970799326,218.22826086956522
1675611779,100,,Aggregated,1.400000,0.000000,51000,51000,51000,51000,51000,51000,51000,51000,52000,52000,52000,186,0,51000.0,50276.74156991371,32604.096374998335,52171.39970799326,218.04301075268816
1675611780,100,,Aggregated,1.500000,0.000000,51000,51000,51000,51000,51000,51000,51000,51000,52000,52000,52000,188,0,51000.0,50284.426183978445,32604.096374998335,52171.39970799326,217.86170212765958
1675611781,100,,Aggregated,1.600000,0.000000,51000,51000,51000,51000,51000,51000,51000,51000,52000,52000,52000,190,0,51000.0,50291.84266712599,32604.096374998335,52171.39970799326,217.68421052631578
1675611782,100,,Aggregated,1.700000,0.000000,51000,51000,51000,51000,51000,51000,51000,51000,52000,52000,52000,192,0,51000.0,50299.26362870796,32604.096374998335,52171.39970799326,217.51041666666666
1675611783,100,,Aggregated,1.800000,0.000000,51000,51000,51000,51000,51000,51000,51000,51000,52000,52000,52000,194,0,51000.0,50306.547978752205,32604.096374998335,52171.39970799326,217.340206185567
1675611784,100,,Aggregated,1.900000,0.000000,51000,51000,51000,51000,51000,51000,51000,51000,52000,52000,52000,196,0,51000.0,50313.67835821903,32604.096374998335,52171.39970799326,217.1734693877551
1675611785,100,,Aggregated,1.900000,0.000000,51000,51000,51000,51000,51000,51000,51000,51000,52000,52000,52000,198,0,51000.0,50320.66909955014,32604.096374998335,52171.39970799326,217.010101010101
1675611786,100,,Aggregated,2.000000,0.000000,51000,51000,51000,51000,51000,51000,51000,51000,52000,52000,52000,200,0,51000.0,50327.40488688971,32604.096374998335,52171.39970799326,216.85
1675611787,100,,Aggregated,2.000000,0.000000,51000,51000,51000,51000,51000,51000,51000,51000,52000,52000,52000,202,0,51000.0,50334.129965564076,32604.096374998335,52171.39970799326,216.69306930693068
1675611788,100,,Aggregated,2.000000,0.000000,51000,51000,51000,51000,51000,51000,51000,51000,52000,52000,52000,204,0,51000.0,50340.643477744845,32604.096374998335,52171.39970799326,216.5392156862745
1675611789,100,,Aggregated,2.000000,0.000000,51000,51000,51000,51000,51000,51000,51000,51000,52000,52000,52000,206,0,51000.0,50346.95184304829,32604.096374998335,52171.39970799326,216.38834951456312
1675611790,100,,Aggregated,2.000000,0.000000,51000,51000,51000,51000,51000,51000,51000,51000,52000,52000,52000,207,0,51000.0,50350.13736071471,32604.096374998335,52171.39970799326,216.31400966183574
1675611791,100,,Aggregated,2.000000,0.000000,51000,51000,51000,51000,51000,51000,51000,51000,52000,52000,52000,208,0,51000.0,50353.26357512475,32604.096374998335,52171.39970799326,216.2403846153846
1675611792,100,,Aggregated,2.000000,0.000000,51000,51000,51000,51000,51000,51000,51000,51000,53000,53000,53000,212,0,51000.0,50374.854256490406,32604.096374998335,53000.25637500221,215.95283018867926
1675611793,100,,Aggregated,1.900000,0.000000,51000,51000,51000,51000,51000,51000,51000,51000,53000,53000,53000,214,0,51000.0,50380.562039724166,32604.096374998335,53000.25637500221,215.81308411214954
1675611794,100,,Aggregated,1.800000,0.000000,51000,51000,51000,51000,51000,51000,51000,51000,53000,53000,53000,216,0,51000.0,50386.29615683783,32604.096374998335,53000.25637500221,215.67592592592592
1675611795,100,,Aggregated,2.000000,0.000000,51000,51000,51000,51000,51000,51000,51000,51000,53000,53000,53000,218,0,51000.0,50391.89746790349,32604.096374998335,53000.25637500221,215.54128440366972
1675611796,100,,Aggregated,2.000000,0.000000,51000,51000,51000,51000,51000,51000,51000,51000,53000,53000,53000,220,0,51000.0,50397.45129792712,32604.096374998335,53000.25637500221,215.4090909090909
1675611797,100,,Aggregated,2.000000,0.000000,51000,51000,51000,51000,51000,51000,51000,51000,53000,53000,53000,222,0,51000.0,50402.86806945028,32604.096374998335,53000.25637500221,215.27927927927928
1675611798,100,,Aggregated,2.000000,0.000000,51000,51000,51000,51000,51000,51000,51000,51000,53000,53000,53000,225,0,51000.0,50410.90468352873,32604.096374998335,53000.25637500221,215.0888888888889
1675611799,100,,Aggregated,2.000000,0.000000,51000,51000,51000,51000,51000,51000,51000,51000,53000,53000,53000,228,0,51000.0,50418.536660092,32604.096374998335,53000.25637500221,214.90350877192984
1675611800,100,,Aggregated,2.000000,0.000000,51000,51000,51000,51000,51000,51000,51000,51000,53000,53000,53000,231,0,51000.0,50426.044646645016,32604.096374998335,53000.25637500221,214.7229437229437
1675611801,100,,Aggregated,2.100000,0.000000,51000,51000,51000,51000,51000,51000,51000,51000,53000,53000,53000,234,0,51000.0,50433.43873522646,32604.096374998335,53000.25637500221,214.54700854700855
1675611802,100,,Aggregated,2.200000,0.000000,51000,51000,51000,51000,51000,51000,51000,51000,53000,53000,53000,237,0,51000.0,50440.5439630801,32604.096374998335,53000.25637500221,214.37552742616035
1675611803,100,,Aggregated,2.400000,0.000000,51000,51000,51000,51000,51000,51000,51000,51000,53000,53000,53000,240,0,51000.0,50447.50107777498,32604.096374998335,53000.25637500221,214.20833333333334
1675611804,100,,Aggregated,2.600000,0.000000,51000,51000,51000,51000,51000,51000,51000,51000,53000,53000,53000,242,0,51000.0,50452.02107162391,32604.096374998335,53000.25637500221,214.099173553719
1675611805,100,,Aggregated,2.500000,0.000000,51000,51000,51000,51000,51000,51000,51000,51000,53000,53000,53000,245,0,51000.0,50458.69890730609,32604.096374998335,53000.25637500221,213.9387755102041
1675611806,100,,Aggregated,2.600000,0.000000,51000,51000,51000,51000,51000,51000,51000,51000,53000,53000,53000,248,0,51000.0,50465.2294512702,32604.096374998335,53000.25637500221,213.78225806451613
1675611807,100,,Aggregated,2.600000,0.000000,51000,51000,51000,51000,51000,51000,51000,51000,53000,53000,53000,251,0,51000.0,50471.54838777697,32604.096374998335,53000.25637500221,213.62948207171314
1675611808,100,,Aggregated,2.700000,0.000000,51000,51000,51000,51000,51000,51000,51000,51000,53000,53000,53000,253,0,51000.0,50475.67574373923,32604.096374998335,53000.25637500221,213.52964426877472
1675611809,100,,Aggregated,2.800000,0.000000,51000,51000,51000,51000,51000,51000,51000,51000,53000,53000,53000,256,0,51000.0,50481.72383202752,32604.096374998335,53000.25637500221,213.3828125
1675611810,100,,Aggregated,2.900000,0.000000,51000,51000,51000,51000,51000,51000,51000,51000,53000,53000,53000,258,0,51000.0,50485.69096785679,32604.096374998335,53000.25637500221,213.28682170542635
1675611811,100,,Aggregated,2.800000,0.000000,51000,51000,51000,51000,51000,51000,51000,51000,53000,53000,53000,259,0,51000.0,50487.705279756956,32604.096374998335,53000.25637500221,213.23938223938225
1675611812,100,,Aggregated,2.800000,0.000000,51000,51000,51000,51000,51000,51000,51000,51000,53000,53000,53000,260,0,51000.0,50489.67253877715,32604.096374998335,53000.25637500221,213.19230769230768
1675611813,100,,Aggregated,2.700000,0.000000,51000,51000,51000,51000,51000,51000,51000,51000,53000,53000,53000,261,0,51000.0,50491.63977585847,32604.096374998335,53000.25637500221,213.1455938697318
1675611814,100,,Aggregated,2.500000,0.000000,51000,51000,51000,51000,51000,51000,51000,51000,53000,53000,53000,262,0,51000.0,50493.55254261857,32604.096374998335,53000.25637500221,213.09923664122138
1675611815,100,,Aggregated,2.300000,0.000000,51000,51000,51000,51000,51000,51000,51000,51000,53000,53000,53000,263,0,51000.0,50495.417708331064,32604.096374998335,53000.25637500221,213.0532319391635
1675611816,100,,Aggregated,2.100000,0.000000,51000,51000,51000,51000,51000,51000,51000,51000,53000,53000,53000,264,0,51000.0,50497.32871543209,32604.096374998335,53000.25637500221,213.00757575757575
1675611817,100,,Aggregated,2.000000,0.000000,51000,51000,51000,51000,51000,51000,51000,51000,53000,53000,53000,265,0,51000.0,50499.25916823427,32604.096374998335,53000.25637500221,212.96226415094338
1675611818,100,,Aggregated,1.800000,0.000000,51000,51000,51000,51000,51000,51000,51000,51000,53000,53000,53000,266,0,51000.0,50501.13461277855,32604.096374998335,53000.25637500221,212.91729323308272
1675611819,100,,Aggregated,1.600000,0.000000,51000,51000,51000,51000,51000,51000,51000,51000,53000,53000,53000,267,0,51000.0,50502.97415012017,32604.096374998335,53000.25637500221,212.87265917602997
1675611820,100,,Aggregated,1.400000,0.000000,51000,51000,51000,51000,51000,51000,51000,51000,53000,53000,53000,268,0,51000.0,50504.84812888094,32604.096374998335,53000.25637500221,212.82835820895522
1675611821,100,,Aggregated,1.300000,0.000000,51000,51000,51000,51000,51000,51000,51000,51000,53000,53000,53000,269,0,51000.0,50506.68326316023,32604.096374998335,53000.25637500221,212.78438661710038
1675611822,100,,Aggregated,1.100000,0.000000,51000,51000,51000,51000,51000,51000,51000,51000,53000,53000,53000,270,0,51000.0,50508.49972669298,32604.096374998335,53000.25637500221,212.74074074074073
1675611823,100,,Aggregated,1.000000,0.000000,51000,51000,51000,51000,51000,51000,51000,51000,53000,53000,53000,271,0,51000.0,50510.28354273838,32604.096374998335,53000.25637500221,212.69741697416976
1675611824,100,,Aggregated,1.000000,0.000000,51000,51000,51000,51000,51000,51000,51000,51000,53000,53000,53000,273,0,51000.0,50513.88163781719,32604.096374998335,53000.25637500221,212.6117216117216
1675611825,100,,Aggregated,1.000000,0.000000,51000,51000,51000,51000,51000,51000,51000,51000,53000,53000,53000,274,0,51000.0,50515.6283596354,32604.096374998335,53000.25637500221,212.56934306569343
1675611826,100,,Aggregated,1.000000,0.000000,51000,51000,51000,51000,51000,51000,51000,51000,53000,53000,53000,276,0,51000.0,50519.178333779295,32604.096374998335,53000.25637500221,212.4855072463768
1675611827,100,,Aggregated,1.100000,0.000000,51000,51000,51000,51000,51000,51000,51000,51000,53000,53000,53000,278,0,51000.0,50522.5948169895,32604.096374998335,53000.25637500221,212.40287769784172
1675611828,100,,Aggregated,1.100000,0.000000,51000,51000,51000,51000,51000,51000,51000,51000,53000,53000,53000,280,0,51000.0,50526.00990460742,32604.096374998335,53000.25637500221,212.32142857142858
1675611829,100,,Aggregated,1.200000,0.000000,51000,51000,51000,51000,51000,51000,51000,51000,53000,53000,53000,282,0,51000.0,50529.33799659601,32604.096374998335,53000.25637500221,212.24113475177305
1675611830,100,,Aggregated,1.300000,0.000000,51000,51000,51000,51000,51000,51000,51000,51000,53000,53000,53000,284,0,51000.0,50532.62863688048,32604.096374998335,53000.25637500221,212.16197183098592
1675611831,100,,Aggregated,1.400000,0.000000,51000,51000,51000,51000,51000,51000,51000,51000,53000,53000,53000,286,0,51000.0,50535.8764817869,32604.096374998335,53000.25637500221,212.08391608391608
1675611832,100,,Aggregated,1.500000,0.000000,51000,51000,51000,51000,51000,51000,51000,51000,53000,53000,53000,288,0,51000.0,50539.09614959048,32604.096374998335,53000.25637500221,212.00694444444446
1675611833,100,,Aggregated,1.600000,0.000000,51000,51000,51000,51000,51000,51000,51000,51000,53000,53000,53000,290,0,51000.0,50542.26116378986,32604.096374998335,53000.25637500221,211.93103448275863
1675611834,100,,Aggregated,1.700000,0.000000,51000,51000,51000,51000,51000,51000,51000,51000,53000,53000,53000,292,0,51000.0,50545.360436500225,32604.096374998335,53000.25637500221,211.85616438356163
1675611835,100,,Aggregated,1.800000,0.000000,51000,51000,51000,51000,51000,51000,51000,51000,53000,53000,53000,294,0,51000.0,50548.40513988116,32604.096374998335,53000.25637500221,211.78231292517006
1675611836,100,,Aggregated,1.900000,0.000000,51000,51000,51000,51000,51000,51000,51000,51000,53000,53000,53000,296,0,51000.0,50551.359194398814,32604.096374998335,53000.25637500221,211.70945945945945
1675611837,100,,Aggregated,1.900000,0.000000,51000,51000,51000,51000,51000,51000,51000,51000,53000,53000,53000,298,0,51000.0,50554.3458681512,32604.096374998335,53000.25637500221,211.63758389261744
1675611838,100,,Aggregated,2.000000,0.000000,51000,51000,51000,51000,51000,51000,51000,51000,53000,53000,53000,300,0,51000.0,50557.3367825035,32604.096374998335,53000.25637500221,211.56666666666666
1675611839,100,,Aggregated,2.000000,0.000000,51000,51000,51000,51000,51000,51000,51000,51000,53000,53000,53000,302,0,51000.0,50560.19621206307,32604.096374998335,53000.25637500221,211.49668874172184
1675611840,100,,Aggregated,2.000000,0.000000,51000,51000,51000,51000,51000,51000,51000,51000,53000,53000,53000,304,0,51000.0,50563.130165987015,32604.096374998335,53000.25637500221,211.42763157894737
1675611841,100,,Aggregated,2.000000,0.000000,51000,51000,51000,51000,51000,51000,51000,51000,53000,53000,53000,306,0,51000.0,50565.96628963089,32604.096374998335,53000.25637500221,211.359477124183
1675611842,100,,Aggregated,2.000000,0.000000,51000,51000,51000,51000,51000,51000,51000,51000,53000,53000,53000,307,0,51000.0,50567.35140364513,32604.096374998335,53000.25637500221,211.3257328990228
1675611843,100,,Aggregated,2.000000,0.000000,51000,51000,51000,51000,51000,51000,51000,51000,53000,53000,53000,308,0,51000.0,50568.75878342227,32604.096374998335,53000.25637500221,211.2922077922078
1675611844,100,,Aggregated,2.000000,0.000000,51000,51000,51000,51000,51000,51000,51000,51000,53000,53000,53000,312,0,51000.0,50574.25867869241,32604.096374998335,53000.25637500221,211.1602564102564
1675611845,100,,Aggregated,1.900000,0.000000,51000,51000,51000,51000,51000,51000,51000,51000,53000,53000,53000,314,0,51000.0,50576.988588114735,32604.096374998335,53000.25637500221,211.0955414012739
1675611846,100,,Aggregated,1.800000,0.000000,51000,51000,51000,51000,51000,51000,51000,51000,53000,53000,53000,316,0,51000.0,50579.61907740513,32604.096374998335,53000.25637500221,211.03164556962025
1675611847,100,,Aggregated,2.000000,0.000000,51000,51000,51000,51000,51000,51000,51000,51000,53000,53000,53000,318,0,51000.0,50582.245141383726,32604.096374998335,53000.25637500221,210.9685534591195
1675611848,100,,Aggregated,2.000000,0.000000,51000,51000,51000,51000,51000,51000,51000,51000,53000,53000,53000,320,0,51000.0,50584.82457709069,32604.096374998335,53000.25637500221,210.90625
1675611849,100,,Aggregated,2.000000,0.000000,51000,51000,51000,51000,51000,51000,51000,51000,53000,53000,53000,322,0,51000.0,50587.45329594419,32604.096374998335,53000.25637500221,210.8447204968944
1675611850,100,,Aggregated,2.000000,0.000000,51000,51000,51000,51000,51000,51000,51000,51000,53000,53000,53000,325,0,51000.0,50591.15769821236,32604.096374998335,53000.25637500221,210.75384615384615
1675611851,100,,Aggregated,2.000000,0.000000,51000,51000,51000,51000,51000,51000,51000,51000,53000,53000,53000,328,0,51000.0,50594.8943633171,32604.096374998335,53000.25637500221,210.66463414634146
1675611852,100,,Aggregated,2.000000,0.000000,51000,51000,51000,51000,51000,51000,51000,51000,53000,53000,53000,331,0,51000.0,50598.56303764652,32604.096374998335,53000.25637500221,210.57703927492446
1675611853,100,,Aggregated,2.100000,0.000000,51000,51000,51000,51000,51000,51000,51000,51000,53000,53000,53000,334,0,51000.0,50602.17861340418,32604.096374998335,53000.25637500221,210.49101796407186
1675611854,100,,Aggregated,2.200000,0.000000,51000,51000,51000,51000,51000,51000,51000,51000,53000,53000,53000,337,0,51000.0,50605.68908333829,32604.096374998335,53000.25637500221,210.40652818991097
1675611855,100,,Aggregated,2.400000,0.000000,51000,51000,51000,51000,51000,51000,51000,51000,53000,53000,53000,340,0,51000.0,50609.16360220885,32604.096374998335,53000.25637500221,210.3235294117647
1675611856,100,,Aggregated,2.600000,0.000000,51000,51000,51000,51000,51000,51000,51000,51000,53000,53000,53000,342,0,51000.0,50611.419922640394,32604.096374998335,53000.25637500221,210.26900584795322
1675611857,100,,Aggregated,2.500000,0.000000,51000,51000,51000,51000,51000,51000,51000,51000,53000,53000,53000,345,0,51000.0,50614.75526449564,32604.096374998335,53000.25637500221,210.18840579710144
1675611858,100,,Aggregated,2.600000,0.000000,51000,51000,51000,51000,51000,51000,51000,51000,53000,53000,53000,348,0,51000.0,50618.04790314082,32604.096374998335,53000.25637500221,210.10919540229884
1675611859,100,,Aggregated,2.600000,0.000000,51000,51000,51000,51000,51000,51000,51000,51000,53000,53000,53000,351,0,51000.0,50621.316464390344,32604.096374998335,53000.25637500221,210.03133903133903
1675611860,100,,Aggregated,2.700000,0.000000,51000,51000,51000,51000,51000,51000,51000,51000,53000,53000,53000,353,0,51000.0,50623.49291560912,32604.096374998335,53000.25637500221,209.9801699716714
1675611861,100,,Aggregated,2.800000,0.000000,51000,51000,51000,51000,51000,51000,51000,51000,53000,53000,53000,356,0,51000.0,50626.640878283775,32604.096374998335,53000.25637500221,209.90449438202248
1675611862,100,,Aggregated,2.900000,0.000000,51000,51000,51000,51000,51000,51000,51000,51000,53000,53000,53000,358,0,51000.0,50628.69768459786,32604.096374998335,53000.25637500221,209.85474860335196
1675611863,100,,Aggregated,2.800000,0.000000,51000,51000,51000,51000,51000,51000,51000,51000,53000,53000,53000,359,0,51000.0,50629.70198817,32604.096374998335,53000.25637500221,209.8300835654596
1675611864,100,,Aggregated,2.800000,0.000000,51000,51000,51000,51000,51000,51000,51000,51000,53000,53000,53000,360,0,51000.0,50630.73637211396,32604.096374998335,53000.25637500221,209.80555555555554
1675611865,100,,Aggregated,2.700000,0.000000,51000,51000,51000,51000,51000,51000,51000,51000,53000,53000,53000,361,0,51000.0,50631.74909442113,32604.096374998335,53000.25637500221,209.78116343490305
1675611866,100,,Aggregated,2.500000,0.000000,51000,51000,51000,51000,51000,51000,51000,51000,53000,53000,53000,362,0,51000.0,50632.79797353324,32604.096374998335,53000.25637500221,209.75690607734808
1675611867,100,,Aggregated,2.300000,0.000000,51000,51000,51000,51000,51000,51000,51000,51000,53000,53000,53000,363,0,51000.0,50633.79410239402,32604.096374998335,53000.25637500221,209.732782369146
1675611868,100,,Aggregated,2.100000,0.000000,51000,51000,51000,51000,51000,51000,51000,51000,53000,53000,53000,364,0,51000.0,50634.78720364569,32604.096374998335,53000.25637500221,209.7087912087912
1675611869,100,,Aggregated,2.000000,0.000000,51000,51000,51000,51000,51000,51000,51000,51000,53000,53000,53000,365,0,51000.0,50635.75038105488,32604.096374998335,53000.25637500221,209.68493150684932
1675611870,100,,Aggregated,1.800000,0.000000,51000,51000,51000,51000,51000,51000,51000,51000,53000,53000,53000,366,0,51000.0,50636.73620458204,32604.096374998335,53000.25637500221,209.66120218579235
1675611871,100,,Aggregated,1.600000,0.000000,51000,51000,51000,51000,51000,51000,51000,51000,53000,53000,53000,367,0,51000.0,50637.72464373849,32604.096374998335,53000.25637500221,209.6376021798365
1675611872,100,,Aggregated,1.400000,0.000000,51000,51000,51000,51000,51000,51000,51000,51000,53000,53000,53000,368,0,51000.0,50638.67636798376,32604.096374998335,53000.25637500221,209.6141304347826
1675611873,100,,Aggregated,1.300000,0.000000,51000,51000,51000,51000,51000,51000,51000,51000,53000,53000,53000,369,0,51000.0,50639.637307141005,32604.096374998335,53000.25637500221,209.59078590785907
1675611874,100,,Aggregated,1.100000,0.000000,51000,51000,51000,51000,51000,51000,51000,51000,53000,53000,53000,370,0,51000.0,50640.604099891956,32604.096374998335,53000.25637500221,209.56756756756758
1675611875,100,,Aggregated,1.000000,0.000000,51000,51000,51000,51000,51000,51000,51000,51000,53000,53000,53000,371,0,51000.0,50641.60385636124,32604.096374998335,53000.25637500221,209.544474393531
1675611876,100,,Aggregated,1.000000,0.000000,51000,51000,51000,51000,51000,51000,51000,51000,53000,53000,53000,373,0,51000.0,50643.49531289551,32604.096374998335,53000.25637500221,209.49865951742626
1675611877,100,,Aggregated,1.000000,0.000000,51000,51000,51000,51000,51000,51000,51000,51000,53000,53000,53000,374,0,51000.0,50644.42431150275,32604.096374998335,53000.25637500221,209.475935828877
1675611878,100,,Aggregated,1.000000,0.000000,51000,51000,51000,51000,51000,51000,51000,51000,53000,53000,53000,376,0,51000.0,50646.28634708251,32604.096374998335,53000.25637500221,209.43085106382978
1675611879,100,,Aggregated,1.100000,0.000000,51000,51000,51000,51000,51000,51000,51000,51000,53000,53000,53000,378,0,51000.0,50648.12292196832,32604.096374998335,53000.25637500221,209.3862433862434
1675611880,100,,Aggregated,1.100000,0.000000,51000,51000,51000,51000,51000,51000,51000,51000,53000,53000,53000,380,0,51000.0,50649.98100483431,32604.096374998335,53000.25637500221,209.3421052631579
1675611881,100,,Aggregated,1.200000,0.000000,51000,51000,51000,51000,51000,51000,51000,51000,53000,53000,53000,382,0,51000.0,50651.8370222619,32604.096374998335,53000.25637500221,209.29842931937173
1675611882,100,,Aggregated,1.300000,0.000000,51000,51000,51000,51000,51000,51000,51000,51000,53000,53000,53000,384,0,51000.0,50653.659255653765,32604.096374998335,53000.25637500221,209.25520833333334
1675611883,100,,Aggregated,1.400000,0.000000,51000,51000,51000,51000,51000,51000,51000,51000,53000,53000,53000,386,0,51000.0,50655.42823058301,32604.096374998335,53000.25637500221,209.21243523316062
1675611884,100,,Aggregated,1.500000,0.000000,51000,51000,51000,51000,51000,51000,51000,51000,53000,53000,53000,388,0,51000.0,50657.231824969174,32604.096374998335,53000.25637500221,209.1701030927835
1675611885,100,,Aggregated,1.600000,0.000000,51000,51000,51000,51000,51000,51000,51000,51000,53000,53000,53000,390,0,51000.0,50658.99781593085,32604.096374998335,53000.25637500221,209.12820512820514
1675611886,100,,Aggregated,1.700000,0.000000,51000,51000,51000,51000,51000,51000,51000,51000,53000,53000,53000,392,0,51000.0,50660.73648948989,32604.096374998335,53000.25637500221,209.08673469387756
1675611887,100,,Aggregated,1.800000,0.000000,51000,51000,51000,51000,51000,51000,51000,51000,53000,53000,53000,394,0,51000.0,50662.46955035034,32604.096374998335,53000.25637500221,209.0456852791878
1675611888,100,,Aggregated,1.900000,0.000000,51000,51000,51000,51000,51000,51000,51000,51000,53000,53000,53000,396,0,51000.0,50664.15048464911,32604.096374998335,53000.25637500221,209.0050505050505
1675611889,100,,Aggregated,1.900000,0.000000,51000,51000,51000,51000,51000,51000,51000,51000,53000,53000,53000,398,0,51000.0,50665.795454364445,32604.096374998335,53000.25637500221,208.96482412060303
1675611890,100,,Aggregated,2.000000,0.000000,51000,51000,51000,51000,51000,51000,51000,51000,53000,53000,53000,400,0,51000.0,50667.43492021763,32604.096374998335,53000.25637500221,208.925
1675611891,100,,Aggregated,2.000000,0.000000,51000,51000,51000,51000,51000,51000,51000,51000,53000,53000,53000,402,0,51000.0,50669.05687179613,32604.096374998335,53000.25637500221,208.8855721393035
1675611892,100,,Aggregated,2.000000,0.000000,51000,51000,51000,51000,51000,51000,51000,51000,53000,53000,53000,404,0,51000.0,50670.69409757438,32604.096374998335,53000.25637500221,208.84653465346534
1675611893,100,,Aggregated,2.000000,0.000000,51000,51000,51000,51000,51000,51000,51000,51000,53000,53000,53000,406,0,51000.0,50672.30514461096,32604.096374998335,53000.25637500221,208.807881773399
1675611894,100,,Aggregated,2.000000,0.000000,51000,51000,51000,51000,51000,51000,51000,51000,53000,53000,53000,407,0,51000.0,50673.101441860046,32604.096374998335,53000.25637500221,208.7886977886978
1675611895,100,,Aggregated,2.000000,0.000000,51000,51000,51000,51000,51000,51000,51000,51000,53000,53000,53000,408,0,51000.0,50673.9065585246,32604.096374998335,53000.25637500221,208.76960784313727
1675611896,100,,Aggregated,2.000000,0.000000,51000,51000,51000,51000,51000,51000,51000,51000,53000,53000,53000,412,0,51000.0,50677.013409189385,32604.096374998335,53000.25637500221,208.69417475728156
1675611897,100,,Aggregated,1.900000,0.000000,51000,51000,51000,51000,51000,51000,51000,51000,53000,53000,53000,414,0,51000.0,50678.53664443002,32604.096374998335,53000.25637500221,208.65700483091788
1675611898,100,,Aggregated,1.800000,0.000000,51000,51000,51000,51000,51000,51000,51000,51000,53000,53000,53000,416,0,51000.0,50680.07435407218,32604.096374998335,53000.25637500221,208.62019230769232
